<?xml version="1.0" encoding="UTF-8" standalone="yes"?>
<addon id="plugin.video.gayuwc"
       name="Gay Ultimate Whitecream"
       version="1.0.95"
       provider-name="moedje">
    <requires>
        <import addon="xbmc.python" version="2.1.0"/>
    </requires>
    <extension point="xbmc.python.pluginsource"
               library="default.py">
        <provides>video</provides>
    </extension>
    <extension point="xbmc.addon.metadata">
        <platform>all</platform>
        <license>GPL 2.0</license>
        <summary lang="en">Watch [COLOR red]GAY [B]ADULT[/B][/COLOR] Movies with Ultimate WhiteCream</summary>
        <description lang="en">Watch [COLOR red]GAY [B]ADULT[/B][/COLOR] Movies with Ultimate WhiteCream</description>
		<disclaimer lang="en">GAY mods to original UWC The author does not host or distribute any of the content displayed by this addon. The author does not have any affiliation with the content provider.</disclaimer>        
    </extension>
</addon>
