{"spankwire":
[
    {
        "path": "http://www.spankwire.com/api/HubTrafficApiCall?data=searchVideos&output=json&thumbsize=small&count=100&segment=gay&search=&tags=&category=Amateur",
        "iconImage": "DefaultFolder.png",
        "thumbnailImage": "DefaultFolder.png",
        "label": "Amateur"
    },
    {
        "path": "http://www.spankwire.com/api/HubTrafficApiCall?data=searchVideos&output=json&thumbsize=small&count=100&segment=gay&search=&tags=&category=Anal",
        "iconImage": "DefaultFolder.png",
        "thumbnailImage": "DefaultFolder.png",
        "label": "Anal"
    },
    {
        "path": "http://www.spankwire.com/api/HubTrafficApiCall?data=searchVideos&output=json&thumbsize=small&count=100&segment=gay&search=&tags=&category=Asian",
        "iconImage": "DefaultFolder.png",
        "thumbnailImage": "DefaultFolder.png",
        "label": "Asian"
    },
    {
        "path": "http://www.spankwire.com/api/HubTrafficApiCall?data=searchVideos&output=json&thumbsize=small&count=100&segment=gay&search=&tags=&category=Bareback",
        "iconImage": "DefaultFolder.png",
        "thumbnailImage": "DefaultFolder.png",
        "label": "Bareback"
    },
    {
        "path": "http://www.spankwire.com/api/HubTrafficApiCall?data=searchVideos&output=json&thumbsize=small&count=100&segment=gay&search=&tags=&category=Bears",
        "iconImage": "DefaultFolder.png",
        "thumbnailImage": "DefaultFolder.png",
        "label": "Bears"
    },
    {
        "path": "http://www.spankwire.com/api/HubTrafficApiCall?data=searchVideos&output=json&thumbsize=small&count=100&segment=gay&search=&tags=&category=Bi",
        "iconImage": "DefaultFolder.png",
        "thumbnailImage": "DefaultFolder.png",
        "label": "Bi"
    },
    {
        "path": "http://www.spankwire.com/api/HubTrafficApiCall?data=searchVideos&output=json&thumbsize=small&count=100&segment=gay&search=&tags=&category=Big Cocks",
        "iconImage": "DefaultFolder.png",
        "thumbnailImage": "DefaultFolder.png",
        "label": "Big Cocks"
    },
    {
        "path": "http://www.spankwire.com/api/HubTrafficApiCall?data=searchVideos&output=json&thumbsize=small&count=100&segment=gay&search=&tags=&category=Black",
        "iconImage": "DefaultFolder.png",
        "thumbnailImage": "DefaultFolder.png",
        "label": "Black"
    },
    {
        "path": "http://www.spankwire.com/api/HubTrafficApiCall?data=searchVideos&output=json&thumbsize=small&count=100&segment=gay&search=&tags=&category=Blowjob",
        "iconImage": "DefaultFolder.png",
        "thumbnailImage": "DefaultFolder.png",
        "label": "Blowjob"
    },
    {
        "path": "http://www.spankwire.com/api/HubTrafficApiCall?data=searchVideos&output=json&thumbsize=small&count=100&segment=gay&search=&tags=&category=College\\/Jocks",
        "iconImage": "DefaultFolder.png",
        "thumbnailImage": "DefaultFolder.png",
        "label": "College\\/Jocks"
    },
    {
        "path": "http://www.spankwire.com/api/HubTrafficApiCall?data=searchVideos&output=json&thumbsize=small&count=100&segment=gay&search=&tags=&category=Daddy\\/Mature",
        "iconImage": "DefaultFolder.png",
        "thumbnailImage": "DefaultFolder.png",
        "label": "Daddy\\/Mature"
    },
    {
        "path": "http://www.spankwire.com/api/HubTrafficApiCall?data=searchVideos&output=json&thumbsize=small&count=100&segment=gay&search=&tags=&category=Fetish & BDSM",
        "iconImage": "DefaultFolder.png",
        "thumbnailImage": "DefaultFolder.png",
        "label": "Fetish & BDSM"
    },
    {
        "path": "http://www.spankwire.com/api/HubTrafficApiCall?data=searchVideos&output=json&thumbsize=small&count=100&segment=gay&search=&tags=&category=Group",
        "iconImage": "DefaultFolder.png",
        "thumbnailImage": "DefaultFolder.png",
        "label": "Group"
    },
    {
        "path": "http://www.spankwire.com/api/HubTrafficApiCall?data=searchVideos&output=json&thumbsize=small&count=100&segment=gay&search=&tags=&category=Hardcore",
        "iconImage": "DefaultFolder.png",
        "thumbnailImage": "DefaultFolder.png",
        "label": "Hardcore"
    },
    {
        "path": "http://www.spankwire.com/api/HubTrafficApiCall?data=searchVideos&output=json&thumbsize=small&count=100&segment=gay&search=&tags=&category=HD",
        "iconImage": "DefaultFolder.png",
        "thumbnailImage": "DefaultFolder.png",
        "label": "HD"
    },
    {
        "path": "http://www.spankwire.com/api/HubTrafficApiCall?data=searchVideos&output=json&thumbsize=small&count=100&segment=gay&search=&tags=&category=Hentai & Anime",
        "iconImage": "DefaultFolder.png",
        "thumbnailImage": "DefaultFolder.png",
        "label": "Hentai & Anime"
    },
    {
        "path": "http://www.spankwire.com/api/HubTrafficApiCall?data=searchVideos&output=json&thumbsize=small&count=100&segment=gay&search=&tags=&category=Interracial",
        "iconImage": "DefaultFolder.png",
        "thumbnailImage": "DefaultFolder.png",
        "label": "Interracial"
    },
    {
        "path": "http://www.spankwire.com/api/HubTrafficApiCall?data=searchVideos&output=json&thumbsize=small&count=100&segment=gay&search=&tags=&category=Latino",
        "iconImage": "DefaultFolder.png",
        "thumbnailImage": "DefaultFolder.png",
        "label": "Latino"
    },
    {
        "path": "http://www.spankwire.com/api/HubTrafficApiCall?data=searchVideos&output=json&thumbsize=small&count=100&segment=gay&search=&tags=&category=Massage",
        "iconImage": "DefaultFolder.png",
        "thumbnailImage": "DefaultFolder.png",
        "label": "Massage"
    },
    {
        "path": "http://www.spankwire.com/api/HubTrafficApiCall?data=searchVideos&output=json&thumbsize=small&count=100&segment=gay&search=&tags=&category=Muscles",
        "iconImage": "DefaultFolder.png",
        "thumbnailImage": "DefaultFolder.png",
        "label": "Muscles"
    },
    {
        "path": "http://www.spankwire.com/api/HubTrafficApiCall?data=searchVideos&output=json&thumbsize=small&count=100&segment=gay&search=&tags=&category=Porn Stars",
        "iconImage": "DefaultFolder.png",
        "thumbnailImage": "DefaultFolder.png",
        "label": "Porn Stars"
    },
    {
        "path": "http://www.spankwire.com/api/HubTrafficApiCall?data=searchVideos&output=json&thumbsize=small&count=100&segment=gay&search=&tags=&category=Public",
        "iconImage": "DefaultFolder.png",
        "thumbnailImage": "DefaultFolder.png",
        "label": "Public"
    },
    {
        "path": "http://www.spankwire.com/api/HubTrafficApiCall?data=searchVideos&output=json&thumbsize=small&count=100&segment=gay&search=&tags=&category=Solo",
        "iconImage": "DefaultFolder.png",
        "thumbnailImage": "DefaultFolder.png",
        "label": "Solo"
    },
    {
        "path": "http://www.spankwire.com/api/HubTrafficApiCall?data=searchVideos&output=json&thumbsize=small&count=100&segment=gay&search=&tags=&category=Twinks",
        "iconImage": "DefaultFolder.png",
        "thumbnailImage": "DefaultFolder.png",
        "label": "Twinks"
    },
    {
        "path": "http://www.spankwire.com/api/HubTrafficApiCall?data=searchVideos&output=json&thumbsize=small&count=100&segment=gay&search=&tags=&category=Voyeur",
        "iconImage": "DefaultFolder.png",
        "thumbnailImage": "DefaultFolder.png",
        "label": "Voyeur"
    }
]}
