{
  "spankwire": [
    {
      "path": "http://www.spankwire.com/api/HubTrafficApiCall?data=searchVideos&output=json&thumbsize=small&count=100&segment=gay&search=&tags=&category=Amateur",
      "icon": "http://cdn2.static.spankwire.com/images/category/Gay/Amateur.jpg",
      "thumb": "http://cdn2.static.spankwire.com/images/category/Gay/Amateur.jpg",
      "label": "Amateur"
    },
    {
      "path": "http://www.spankwire.com/api/HubTrafficApiCall?data=searchVideos&output=json&thumbsize=small&count=100&segment=gay&search=&tags=&category=Anal",
      "icon": "http://cdn2.static.spankwire.com/images/category/Gay/Anal.jpg",
      "thumb": "http://cdn2.static.spankwire.com/images/category/Gay/Anal.jpg",
      "label": "Anal"
    },
    {
      "path": "http://www.spankwire.com/api/HubTrafficApiCall?data=searchVideos&output=json&thumbsize=small&count=100&segment=gay&search=&tags=&category=Asian",
      "icon": "http://cdn2.static.spankwire.com/images/category/Gay/Asian.jpg",
        "thumb": "http://cdn2.static.spankwire.com/images/category/Gay/Asian.jpg",
        "label": "Asian"
    },
    {
      "path": "http://www.spankwire.com/api/HubTrafficApiCall?data=searchVideos&output=json&thumbsize=small&count=100&segment=gay&search=&tags=&category=Bareback",
      "icon": "http://cdn2.static.spankwire.com/images/category/Gay/Bareback.jpg",
      "thumb": "http://cdn2.static.spankwire.com/images/category/Gay/Bareback.jpg",
      "label": "Bareback"
    },
    {
      "path": "http://www.spankwire.com/api/HubTrafficApiCall?data=searchVideos&output=json&thumbsize=small&count=100&segment=gay&search=&tags=&category=Bears",
      "icon": "http://cdn2.static.spankwire.com/images/category/Gay/Bears.jpg",
      "thumb": "http://cdn2.static.spankwire.com/images/category/Gay/Bears.jpg",
      "label": "Bears"
    },
    {
      "path": "http://www.spankwire.com/api/HubTrafficApiCall?data=searchVideos&output=json&thumbsize=small&count=100&segment=gay&search=&tags=&category=Bi",
      "icon": "http://cdn2.static.spankwire.com/images/category/Gay/BiStraight.jpg",
      "thumb": "http://cdn2.static.spankwire.com/images/category/Gay/BiStraight.jpg",
      "label": "Bi"
    },
    {
      "path": "http://www.spankwire.com/api/HubTrafficApiCall?data=searchVideos&output=json&thumbsize=small&count=100&segment=gay&search=&tags=&category=Big Cocks",
      "icon": "http://cdn2.static.spankwire.com/images/category/Gay/BigCocks.jpg",
      "thumb": "http://cdn2.static.spankwire.com/images/category/Gay/BigCocks.jpg",
      "label": "Big Cocks"
    },
    {
      "path": "http://www.spankwire.com/api/HubTrafficApiCall?data=searchVideos&output=json&thumbsize=small&count=100&segment=gay&search=&tags=&category=Black",
      "icon": "http://cdn2.static.spankwire.com/images/category/Gay/Black.jpg",
      "thumb": "http://cdn2.static.spankwire.com/images/category/Gay/Black.jpg",
      "label": "Black"
    },
    {
      "path": "http://www.spankwire.com/api/HubTrafficApiCall?data=searchVideos&output=json&thumbsize=small&count=100&segment=gay&search=&tags=&category=Blowjob",
      "icon": "http://cdn2.static.spankwire.com/images/category/Gay/Blowjob.jpg",
      "thumb": "http://cdn2.static.spankwire.com/images/category/Gay/Blowjob.jpg",
      "label": "Blowjob"
    },
    {
      "path": "http://www.spankwire.com/api/HubTrafficApiCall?data=searchVideos&output=json&thumbsize=small&count=100&segment=gay&search=&tags=&category=College\\/Jocks",
      "icon": "http://cdn2.static.spankwire.com/images/category/Gay/CollegeJocks.jpg",
      "thumb": "http://cdn2.static.spankwire.com/images/category/Gay/CollegeJocks.jpg",
      "label": "College Jocks"
    },
    {
      "path": "http://www.spankwire.com/api/HubTrafficApiCall?data=searchVideos&output=json&thumbsize=small&count=100&segment=gay&search=&tags=&category=Daddy\\/Mature",
      "icon": "http://cdn2.static.spankwire.com/images/category/Gay/DaddyMature.jpg",
      "thumb": "http://cdn2.static.spankwire.com/images/category/Gay/DaddyMature.jpg",
      "label": "Daddy Mature"
    },
    {
      "path": "http://www.spankwire.com/api/HubTrafficApiCall?data=searchVideos&output=json&thumbsize=small&count=100&segment=gay&search=&tags=&category=Fetish & BDSM",
      "icon": "http://cdn2.static.spankwire.com/images/category/Gay/FetishBDSM.jpg",
      "thumb": "http://cdn2.static.spankwire.com/images/category/Gay/FetishBDSM.jpg",
      "label": "Fetish & BDSM"
    },
    {
      "path": "http://www.spankwire.com/api/HubTrafficApiCall?data=searchVideos&output=json&thumbsize=small&count=100&segment=gay&search=&tags=&category=Group",
      "icon": "http://cdn2.static.spankwire.com/images/category/Gay/Group.jpg",
      "thumb": "http://cdn2.static.spankwire.com/images/category/Gay/Group.jpg",
      "label": "Group"
    },
    {
      "path": "http://www.spankwire.com/api/HubTrafficApiCall?data=searchVideos&output=json&thumbsize=small&count=100&segment=gay&search=&tags=&category=Hardcore",
      "icon": "http://cdn2.static.spankwire.com/images/category/Gay/Hardcore.jpg",
      "thumb": "http://cdn2.static.spankwire.com/images/category/Gay/Hardcore.jpg",
      "label": "Hardcore"
    },
    {
      "path": "http://www.spankwire.com/api/HubTrafficApiCall?data=searchVideos&output=json&thumbsize=small&count=100&segment=gay&search=&tags=&category=HD",
      "icon": "http://cdn2.static.spankwire.com/images/category/Gay/HD.jpg",
      "thumb": "http://cdn2.static.spankwire.com/images/category/Gay/HD.jpg",
      "label": "HD"
    },
    {
      "path": "http://www.spankwire.com/api/HubTrafficApiCall?data=searchVideos&output=json&thumbsize=small&count=100&segment=gay&search=&tags=&category=Hentai & Anime",
      "icon": "http://cdn2.static.spankwire.com/images/category/Gay/HentaiAnime.jpg",
      "thumb": "http://cdn2.static.spankwire.com/images/category/Gay/HentaiAnime.jpg",
      "label": "Hentai & Anime"
    },
    {
      "path": "http://www.spankwire.com/api/HubTrafficApiCall?data=searchVideos&output=json&thumbsize=small&count=100&segment=gay&search=&tags=&category=Interracial",
      "icon": "http://cdn2.static.spankwire.com/images/category/Gay/Interracial.jpg",
      "thumb": "http://cdn2.static.spankwire.com/images/category/Gay/Interracial.jpg",
      "label": "Interracial"
    },
    {
      "path": "http://www.spankwire.com/api/HubTrafficApiCall?data=searchVideos&output=json&thumbsize=small&count=100&segment=gay&search=&tags=&category=Latino",
      "icon": "http://cdn2.static.spankwire.com/images/category/Gay/Latino.jpg",
      "thumb": "http://cdn2.static.spankwire.com/images/category/Gay/Latino.jpg",
      "label": "Latino"
    },
    {
      "path": "http://www.spankwire.com/api/HubTrafficApiCall?data=searchVideos&output=json&thumbsize=small&count=100&segment=gay&search=&tags=&category=Massage",
      "icon": "http://cdn2.static.spankwire.com/images/category/Gay/Massage.jpg",
      "thumb": "http://cdn2.static.spankwire.com/images/category/Gay/Massage.jpg",
      "label": "Massage"
    },
    {
      "path": "http://www.spankwire.com/api/HubTrafficApiCall?data=searchVideos&output=json&thumbsize=small&count=100&segment=gay&search=&tags=&category=Muscles",
      "icon": "http://cdn2.static.spankwire.com/images/category/Gay/Muscles.jpg",
      "thumb": "http://cdn2.static.spankwire.com/images/category/Gay/Muscles.jpg",
      "label": "Muscles"
    },
    {
      "path": "http://www.spankwire.com/api/HubTrafficApiCall?data=searchVideos&output=json&thumbsize=small&count=100&segment=gay&search=&tags=&category=Porn Stars",
      "icon": "http://cdn2.static.spankwire.com/images/category/Gay/PornStars.jpg",
      "thumb": "http://cdn2.static.spankwire.com/images/category/Gay/PornStars.jpg",
      "label": "Porn Stars"
    },
    {
      "path": "http://www.spankwire.com/api/HubTrafficApiCall?data=searchVideos&output=json&thumbsize=small&count=100&segment=gay&search=&tags=&category=Public",
      "icon": "http://cdn2.static.spankwire.com/images/category/Gay/Public.jpg",
      "thumb": "http://cdn2.static.spankwire.com/images/category/Gay/Public.jpg",
      "label": "Public"
    },
    {
      "path": "http://www.spankwire.com/api/HubTrafficApiCall?data=searchVideos&output=json&thumbsize=small&count=100&segment=gay&search=&tags=&category=Solo",
      "icon": "http://cdn2.static.spankwire.com/images/category/Gay/SoloMasterbation.jpg",
      "thumb": "http://cdn2.static.spankwire.com/images/category/Gay/SoloMasterbation.jpg",
      "label": "Solo"
    },
    {
      "path": "http://www.spankwire.com/api/HubTrafficApiCall?data=searchVideos&output=json&thumbsize=small&count=100&segment=gay&search=&tags=&category=Twinks",
      "icon": "http://cdn2.static.spankwire.com/images/category/Gay/Twinks.jpg",
      "thumb": "http://cdn2.static.spankwire.com/images/category/Gay/Twinks.jpg",
      "label": "Twinks"
    },
    {
      "path": "http://www.spankwire.com/api/HubTrafficApiCall?data=searchVideos&output=json&thumbsize=small&count=100&segment=gay&search=&tags=&category=Voyeur",
      "icon": "http://cdn2.static.spankwire.com/images/category/Gay/Voyeur.jpg",
      "thumb": "http://cdn2.static.spankwire.com/images/category/Gay/Voyeur.jpg",
      "label": "Voyeur"
    }
  ]
}
